name, Voelligkeit_VSsoll, Voelligkeit_HS, LCB, Bugwulstlaenge, Voelligkeit_BW, WinkelDucktail, eval_cw, eval_CT,Anz
NeoOpt1106BW_20_des0001, 0.15442504, 0.33068404, 0.21348909, 5.8243144, 1.2164506, -3.4867918, 8.7239641e-05, 0.0018799668,1
NeoOpt1106BW_20_des0002, 0.19442504, 0.33068404, 0.21348909, 5.8243144, 1.2164506, -3.4867918, 0.00010152784, 0.0018960484,2
NeoOpt1106BW_20_des0003, 0.15442504, 0.42068404, 0.21348909, 5.8243144, 1.2164506, -3.4867918, 7.1410446e-05, 0.0019180216,3
NeoOpt1106BW_20_des0004, 0.15442504, 0.33068404, 0.23848909, 5.8243144, 1.2164506, -3.4867918, 0.00012183061, 0.0019030098,4
NeoOpt1106BW_20_des0005, 0.15442504, 0.33068404, 0.21348909, 6.0043144, 1.2164506, -3.4867918, 8.8142137e-05, 0.0018810778,5
NeoOpt1106BW_20_des0006, 0.15442504, 0.33068404, 0.21348909, 5.8243144, 1.3164506, -3.4867918, 0.00010609624, 0.001900919,6
NeoOpt1106BW_20_des0007, 0.15442504, 0.33068404, 0.21348909, 5.8243144, 1.2164506, -2.4867918, 9.6665732e-05, 0.0019248086,7
NeoOpt1106BW_20_des0008, 0.14380245, 0.36136808, 0.20397632, 5.8210147, 1.1818512, -4.2273344, 6.9945585e-05, 0.0018603246,8
NeoOpt1106BW_20_des0009, 0.1316794, 0.3, 0.19311986, 5.8172489, 1.1423646, -4.5408059, 7.9784659e-05, 0.0018290605,9
NeoOpt1106BW_20_des0010, 0.11344159, 0.3, 0.17678749, 5.8115836, 1.0829613, -4.6478259, 7.4072661e-05, 0.0018258855,10
NeoOpt1106BW_20_des0011, 0.11344159, 0.3, 0.1851969, 5.8115836, 1.0459679, -4.6478259, 6.6254783e-05, 0.0018133913,11
NeoOpt1106BW_20_des0012, 0.10087311, 0.3, 0.19690536, 5.8076794, 1.0225262, -5.4393486, 6.5795677e-05, 0.0017823961,12
NeoOpt1106BW_20_des0013, 0.12284628, 0.3, 0.19908776, 5.8043483, 0.97413017, -6.1146684, 5.7987229e-05, 0.0017552006,13
NeoOpt1106BW_20_des0014, 0.12354447, 0.3, 0.21006373, 5.7344019, 0.92371948, -6.7485558, 5.6273089e-05, 0.0017339865,14
NeoOpt1106BW_20_des0015, 0.12361324, 0.3, 0.21857202, 5.8489622, 0.88094998, -7.292784, 6.1819337e-05, 0.0017265098,15
NeoOpt1106BW_20_des0016, 0.11774804, 0.30852319, 0.20542701, 5.8183665, 0.89299883, -8.0987963, 5.9819671e-05, 0.0017245339,16
NeoOpt1106BW_20_des0017, 0.11600634, 0.3526813, 0.20366362, 5.8178255, 0.88822178, -8.1090166, 5.2571999e-05, 0.0017376376,17
NeoOpt1106BW_20_des0018, 0.13504565, 0.30535198, 0.2187952, 5.8071907, 0.95662386, -8.4410694, 7.1005976e-05, 0.0017311088,18
NeoOpt1106BW_20_des0019, 0.13550767, 0.30852319, 0.20107159, 5.818418, 0.87802835, -8.0883563, 6.2435742e-05, 0.0017277028,19
NeoOpt1106BW_20_des0020, 0.10204343, 0.3, 0.21238301, 5.7407581, 0.8258524, -8.4490904, 6.09811e-05, 0.0017177284,20
NeoOpt1106BW_20_des0021, 0.073856512, 0.3, 0.20664653, 5.8341243, 0.79542898, -8.7477122, 6.0729795e-05, 0.0017184948,21
NeoOpt1106BW_20_des0022, 0.093466671, 0.31887439, 0.20658373, 5.7085075, 0.84986168, -8.3206892, 5.7039197e-05, 0.0017246305,22
NeoOpt1106BW_20_des0023, 0.10798398, 0.3, 0.22084553, 5.6752757, 0.7422932, -8.6302067, 7.0116774e-05, 0.001722556,23
NeoOpt1106BW_20_des0024, 0.09921491, 0.3, 0.21893799, 5.7374664, 0.85451921, -8.7552575, 6.5433829e-05, 0.0017211045,24
NeoOpt1106BW_20_des0025, 0.098471422, 0.30278481, 0.21649257, 5.7481922, 0.82571023, -8.2914875, 6.0777515e-05, 0.0017178355,25
NeoOpt1106BW_20_des0026, 0.099599387, 0.3, 0.20878441, 5.7566088, 0.83223096, -7.9867879, 5.7498193e-05, 0.001717175,26
NeoOpt1106BW_20_des0027, 0.1016314, 0.3, 0.2106543, 5.7335311, 0.78799577, -7.8144162, 5.5883738e-05, 0.0017151062,27
NeoOpt1106BW_20_des0028, 0.099898208, 0.3, 0.21719396, 5.7114201, 0.75726712, -7.5494997, 6.2180145e-05, 0.0017201831,28
NeoOpt1106BW_20_des0029, 0.099772145, 0.31985172, 0.2102036, 5.7149399, 0.78924783, -7.8375861, 5.5452383e-05, 0.0017234192,29
NeoOpt1106BW_20_des0030, 0.11740447, 0.3, 0.20624204, 5.7374245, 0.77376821, -8.0209286, 5.6831483e-05, 0.001715314,30
NeoOpt1106BW_20_des0031, 0.096750523, 0.30328871, 0.20850396, 5.7609282, 0.77785696, -7.8881099, 5.4723805e-05, 0.0017148571,31
NeoOpt1106BW_20_des0032, 0.085252659, 0.3, 0.20507163, 5.7590357, 0.74183022, -8.0195883, 5.3313161e-05, 0.0017119939,32
NeoOpt1106BW_20_des0033, 0.083581606, 0.3, 0.20852561, 5.8262735, 0.71316777, -7.9331109, 5.2261363e-05, 0.0017095254,33
NeoOpt1106BW_20_des0034, 0.082503034, 0.3, 0.20017468, 5.8515247, 0.70449868, -7.6006996, 4.9113016e-05, 0.0017111643,34
NeoOpt1106BW_20_des0035, 0.075762856, 0.30268371, 0.21051291, 5.8266904, 0.72281125, -7.8449136, 5.2309835e-05, 0.0017112017,35
NeoOpt1106BW_20_des0036, 0.082717408, 0.3, 0.21031408, 5.8830328, 0.700796, -8.2932174, 5.5110264e-05, 0.0017101541,36
NeoOpt1106BW_20_des0037, 0.082959726, 0.32220131, 0.20872018, 5.8294633, 0.71629757, -7.9258672, 4.8677506e-05, 0.0017158762,37
NeoOpt1106BW_20_des0038, 0.087717666, 0.3, 0.21470906, 5.7948265, 0.6754822, -7.8583465, 5.986567e-05, 0.0017154571,38
NeoOpt1106BW_20_des0039, 0.089543894, 0.3, 0.21061274, 5.8453885, 0.72662355, -7.8704286, 5.5497247e-05, 0.0017127787,39
NeoOpt1106BW_20_des0040, 0.083237846, 0.3, 0.20938573, 5.8159153, 0.70265696, -7.9302484, 5.2233041e-05, 0.0017090617,40
NeoOpt1106BW_20_des0041, 0.082189305, 0.3, 0.20782979, 5.80137, 0.70193093, -7.9971954, 5.2567288e-05, 0.0017094149,41
NeoOpt1106BW_20_des0042, 0.083638761, 0.30013137, 0.20860193, 5.8123205, 0.70277616, -7.8810502, 5.1981231e-05, 0.001709363,42
NeoOpt1106BW_20_des0043, 0.08160814, 0.3, 0.2081809, 5.8302144, 0.69539976, -7.9383157, 5.3872496e-05, 0.0017107805,43
NeoOpt1106BW_20_des0044, 0.085495987, 0.30050837, 0.20905495, 5.817189, 0.7013288, -7.9471541, 5.2112158e-05, 0.0017089946,44
NeoOpt1106BW_20_des0045, 0.087806637, 0.30101675, 0.21141799, 5.8078331, 0.70350792, -7.9592081, 5.3799071e-05, 0.0017101679,45
NeoOpt1106BW_20_des0046, 0.085739903, 0.30610511, 0.20903786, 5.8169756, 0.70132064, -7.9474663, 5.2764084e-05, 0.0017123799,46
NeoOpt1106BW_20_des0047, 0.086015352, 0.3, 0.20843303, 5.8312735, 0.69228386, -7.9695594, 5.3938296e-05, 0.0017105434,47
NeoOpt1106BW_20_des0048, 0.085890941, 0.30101675, 0.20858254, 5.8210864, 0.70662901, -7.9590592, 5.3780223e-05, 0.0017110362,48
NeoOpt1106BW_20_des0049, 0.085107167, 0.3, 0.20845331, 5.8093083, 0.69996853, -7.9803023, 5.406663e-05, 0.0017107873,49
NeoOpt1106BW_20_des0050, 0.085974917, 0.3, 0.20969991, 5.8164977, 0.70105857, -7.9364915, 5.2937139e-05, 0.0017094181,50
NeoOpt1106BW_20_des0051, 0.085368778, 0.30054874, 0.20923382, 5.8183208, 0.70111703, -7.9589278, 5.2110518e-05, 0.0017089936,51
NeoOpt1106BW_20_des0052, 0.085317903, 0.3, 0.20882143, 5.8207876, 0.69943903, -7.9381667, 5.3664175e-05, 0.0017103804,52
NeoOpt1106BW_20_des0053, 0.085461565, 0.30187963, 0.20910029, 5.8169663, 0.70113242, -7.9455471, 5.3397427e-05, 0.0017109629,53
NeoOpt1106BW_20_des0054, 0.085541136, 0.30059546, 0.20906319, 5.8181068, 0.70187587, -7.9454831, 5.2448115e-05, 0.0017096072,54
NeoOpt1106BW_20_des0055, 0.085491987, 0.3, 0.2089623, 5.8152238, 0.70142075, -7.9560109, 5.2059142e-05, 0.0017088534,55
NeoOpt1106BW_20_des0056, 0.085758617, 0.30005971, 0.20890742, 5.8155164, 0.70118893, -7.9578351, 5.2292966e-05, 0.0017090519,56
NeoOpt1106BW_20_des0057, 0.085204192, 0.3, 0.20886731, 5.8159473, 0.70019541, -7.9526004, 5.2112642e-05, 0.0017088206,57
NeoOpt1106BW_20_des0058, 0.085299911, 0.30022088, 0.20899755, 5.8156046, 0.69992376, -7.9492631, 5.2145984e-05, 0.0017089624,58
NeoOpt1106BW_20_des0059, 0.084975388, 0.3, 0.20919359, 5.8159689, 0.69988269, -7.9581942, 5.2363863e-05, 0.0017090477,59
NeoOpt1106BW_20_des0060, 0.085241768, 0.3, 0.20891852, 5.8166838, 0.70036083, -7.9465606, 5.2384654e-05, 0.0017091655,60
NeoOpt1106BW_20_des0061, 0.08517848, 0.30032612, 0.2088578, 5.8161125, 0.70025925, -7.9531677, 5.2013645e-05, 0.0017090059,61
NeoOpt1106BW_20_des0062, 0.085122668, 0.3, 0.20879881, 5.8146856, 0.70014718, -7.9525078, 5.2207233e-05, 0.001708916,62
NeoOpt1106BW_20_des0063, 0.085410387, 0.3, 0.20882171, 5.8160463, 0.6998311, -7.9567912, 5.3818603e-05, 0.0017105606,63
NeoOpt1106BW_20_des0064, 0.085092018, 0.3, 0.20892838, 5.8159373, 0.70025074, -7.9536571, 5.2302734e-05, 0.0017090873,64
NeoOpt1106BW_20_des0065, 0.085170156, 0.30000028, 0.2088559, 5.8160443, 0.70003829, -7.9522478, 5.2292282e-05, 0.00170898,65
NeoOpt1106BW_20_des0066, 0.085336341, 0.3, 0.20885877, 5.8158596, 0.70025809, -7.9544971, 5.2174892e-05, 0.0017089741,66
NeoOpt1106BW_20_des0067, 0.085194902, 0.3, 0.20884842, 5.8156806, 0.70025703, -7.9518163, 5.2138017e-05, 0.0017089067,67
NeoOpt1106BW_20_des0068, 0.085191554, 0.30002896, 0.20885206, 5.8160013, 0.70023148, -7.9529988, 5.1921324e-05, 0.0017086219,68
NeoOpt1106BW_20_des0069, 0.085187967, 0.30005792, 0.20883556, 5.8162355, 0.70035157, -7.952636, 5.2055613e-05, 0.0017088881,69
NeoOpt1106BW_20_des0070, 0.085205245, 0.30005792, 0.208834, 5.8159261, 0.70021841, -7.9546961, 5.3807838e-05, 0.0017106527,70
NeoOpt1106BW_20_des0071, 0.085159239, 0.3000144, 0.20886395, 5.8159925, 0.70025946, -7.9531192, 5.2278396e-05, 0.0017090052,71
NeoOpt1106BW_20_des0072, 0.085192648, 0.3000678, 0.20885782, 5.8160148, 0.70022541, -7.9530233, 5.2170057e-05, 0.0017089187,72
NeoOpt1106BW_20_des0073, 0.085183906, 0.30005215, 0.2088418, 5.8158888, 0.70024696, -7.9524383, 5.2316755e-05, 0.0017090596,73
NeoOpt1106BW_20_des0074, 0.085176726, 0.3000186, 0.2088445, 5.816077, 0.70015851, -7.9527782, 5.2114305e-05, 0.0017088735,74
NeoOpt1106BW_20_des0075, 0.33598397, 0.57396542, 0.27391338, 5.346492, 0.50139805, -5.3169791, 0.00014023831, 0.0019723005,75
NeoOpt1106BW_20_des0076, 0.37598397, 0.57396542, 0.27391338, 5.346492, 0.50139805, -5.3169791, 0.00015454399, 0.0019861085,76
NeoOpt1106BW_20_des0077, 0.33598397, 0.66396542, 0.27391338, 5.346492, 0.50139805, -5.3169791, 0.00013243359, 0.0020162165,77
NeoOpt1106BW_20_des0078, 0.33598397, 0.57396542, 0.29891338, 5.346492, 0.50139805, -5.3169791, 0.00015388687, 0.0019791464,78
NeoOpt1106BW_20_des0079, 0.33598397, 0.57396542, 0.27391338, 5.526492, 0.50139805, -5.3169791, 0.0001349947, 0.0019672529,79
NeoOpt1106BW_20_des0080, 0.33598397, 0.57396542, 0.27391338, 5.526492, 0.60139805, -5.3169791, 0.00013073492, 0.0019653717,80
NeoOpt1106BW_20_des0081, 0.33598397, 0.57396542, 0.27391338, 5.526492, 0.60139805, -4.3169791, 0.00013080725, 0.0020006585,81
NeoOpt1106BW_20_des0082, 0.32656703, 0.50658079, 0.27099403, 5.541988, 0.60460295, -5.9185789, 0.0001287178, 0.0019080983,82
NeoOpt1106BW_20_des0083, 0.31692372, 0.44049367, 0.2680045, 5.5578565, 0.60788488, -6.5346406, 0.00013686491, 0.0018669028,83
NeoOpt1106BW_20_des0084, 0.30739828, 0.43234283, 0.26505151, 5.5735311, 0.64021845, -7.4340893, 0.00011954644, 0.0018274212,84
NeoOpt1106BW_20_des0085, 0.29523021, 0.38486867, 0.26127927, 5.5935542, 0.68021877, -8.0929295, 0.00012323345, 0.0018001671,85
NeoOpt1106BW_20_des0086, 0.2899231, 0.38336015, 0.25963401, 5.7222043, 0.63171958, -8.5743226, 0.00012191325, 0.001794358,86
NeoOpt1106BW_20_des0087, 0.29881024, 0.38336015, 0.24843589, 5.7222043, 0.63171958, -8.5743226, 0.00011088065, 0.0017855421,87
NeoOpt1106BW_20_des0088, 0.33177583, 0.36270931, 0.25653686, 5.7235053, 0.6405859, -8.9683151, 0.00014868159, 0.0018073658,88
NeoOpt1106BW_20_des0089, 0.29690686, 0.37128265, 0.24784582, 5.6642631, 0.59843776, -8.6959195, 0.00011884579, 0.001785954,89
NeoOpt1106BW_20_des0090, 0.28168321, 0.41519243, 0.23449562, 5.6986378, 0.66150837, -9.0984975, 9.8539822e-05, 0.0017902055,90
NeoOpt1106BW_20_des0091, 0.28699995, 0.31546824, 0.23747002, 5.7660614, 0.636805, -8.2752908, 0.00011380732, 0.0017608478,91
NeoOpt1106BW_20_des0092, 0.28065367, 0.3039055, 0.22268502, 5.8193601, 0.60027502, -7.6528383, 0.00010486184, 0.0017544138,92
NeoOpt1106BW_20_des0093, 0.30386408, 0.3, 0.20751696, 5.8900631, 0.62673458, -7.9155247, 0.00010727406, 0.0017574361,93
NeoOpt1106BW_20_des0094, 0.29450351, 0.31850951, 0.22697863, 5.8033627, 0.59983279, -7.3952167, 0.00010935943, 0.0017672351,94
NeoOpt1106BW_20_des0095, 0.2630819, 0.3, 0.21074965, 5.7307154, 0.65674856, -7.5273022, 9.3462404e-05, 0.0017490678,95
NeoOpt1106BW_20_des0096, 0.2575206, 0.31349592, 0.2139924, 5.7889416, 0.68354488, -7.4051704, 8.7325992e-05, 0.001750855,96
NeoOpt1106BW_20_des0097, 0.22872118, 0.3, 0.20568525, 5.7798979, 0.64306773, -7.8846215, 8.3799932e-05, 0.0017378522,97
NeoOpt1106BW_20_des0098, 0.19741691, 0.3, 0.21187561, 5.8622008, 0.67728424, -7.8929925, 7.3925359e-05, 0.0017274651,98
NeoOpt1106BW_20_des0099, 0.18350969, 0.3, 0.20198508, 5.9743576, 0.71676185, -8.3154953, 7.0906201e-05, 0.001725079,99
NeoOpt1106BW_20_des0100, 0.14471142, 0.3, 0.20458891, 5.9734859, 0.70002045, -8.1730695, 6.3188127e-05, 0.0017192619,100
NeoOpt1106BW_20_des0101, 0.12349182, 0.3, 0.18633212, 6.0022895, 0.68293472, -8.5342964, 5.6161138e-05, 0.0017157374,101
NeoOpt1106BW_20_des0102, 0.11161793, 0.31095036, 0.19457771, 5.9376391, 0.70363773, -9.3194272, 6.0530652e-05, 0.0017234616,102
NeoOpt1106BW_20_des0103, 0.12183469, 0.33349199, 0.18379104, 5.9673915, 0.70688712, -8.4671488, 4.580013e-05, 0.0017217065,103
NeoOpt1106BW_20_des0104, 0.12645983, 0.35731532, 0.19218209, 6.0853468, 0.62834805, -8.6869076, 5.1031082e-05, 0.0017324741,104
NeoOpt1106BW_20_des0105, 0.12120713, 0.30051109, 0.18785687, 6.0679778, 0.71590041, -8.5679777, 5.4929485e-05, 0.0017151651,105
NeoOpt1106BW_20_des0106, 0.099420887, 0.3, 0.17697562, 6.0747457, 0.73685405, -7.8834665, 4.6041067e-05, 0.0017139234,106
NeoOpt1106BW_20_des0107, 0.1216228, 0.3, 0.15764533, 6.0883833, 0.76641837, -7.9138093, 4.4741777e-05, 0.0017193679,107
NeoOpt1106BW_20_des0108, 0.084757596, 0.3, 0.17921836, 6.0431268, 0.75479376, -8.0944868, 4.8891779e-05, 0.0017150934,108
NeoOpt1106BW_20_des0109, 0.096178997, 0.31042218, 0.1746841, 6.0934764, 0.72450977, -7.9732056, 4.5248591e-05, 0.0017171487,109
NeoOpt1106BW_20_des0110, 0.10128167, 0.3, 0.18608939, 6.0802353, 0.74024867, -7.5475259, 4.721378e-05, 0.0017149559,110
NeoOpt1106BW_20_des0111, 0.098170602, 0.31276551, 0.17750054, 6.1086593, 0.74295711, -7.9251944, 4.4261415e-05, 0.0017168983,111
NeoOpt1106BW_20_des0112, 0.093966352, 0.3, 0.17773591, 6.1594216, 0.73450233, -7.9763683, 4.6676181e-05, 0.0017135832,112
NeoOpt1106BW_20_des0113, 0.089842198, 0.30019625, 0.17413453, 6.1620971, 0.74120502, -7.8138895, 4.4887915e-05, 0.0017144333,113
NeoOpt1106BW_20_des0114, 0.108487, 0.3, 0.1764816, 6.1811742, 0.75758683, -8.1950194, 4.7142792e-05, 0.0017140278,114
NeoOpt1106BW_20_des0115, 0.088266357, 0.3, 0.17995145, 6.1493677, 0.74637328, -8.1072434, 4.7681049e-05, 0.0017136657,115
NeoOpt1106BW_20_des0116, 0.095849573, 0.3, 0.18342023, 6.1660173, 0.73077064, -7.8998842, 4.8639638e-05, 0.0017143191,116
NeoOpt1106BW_20_des0117, 0.097288497, 0.3, 0.17697361, 6.1640773, 0.74045411, -8.0362513, 4.6221205e-05, 0.0017131825,117
NeoOpt1106BW_20_des0118, 0.098747839, 0.3, 0.17579178, 6.1651753, 0.73605571, -8.1366872, 4.5954745e-05, 0.00171281,118
NeoOpt1106BW_20_des0119, 0.10038683, 0.3, 0.17361151, 6.1701734, 0.73873413, -8.2063431, 4.7977479e-05, 0.0017152485,119
NeoOpt1106BW_20_des0120, 0.098963271, 0.30508711, 0.17562472, 6.1606739, 0.73630099, -8.1341787, 4.7289403e-05, 0.0017161242,120
NeoOpt1106BW_20_des0121, 0.10139366, 0.3, 0.17809985, 6.1581254, 0.73310253, -8.1545795, 4.7449277e-05, 0.0017134096,121
NeoOpt1106BW_20_des0122, 0.098877856, 0.30233809, 0.17522507, 6.1559665, 0.73591516, -8.1273287, 4.6038298e-05, 0.0017137846,122
NeoOpt1106BW_20_des0123, 0.09710331, 0.3, 0.17532407, 6.1634454, 0.72493339, -8.1031948, 4.6537363e-05, 0.0017133963,123
NeoOpt1106BW_20_des0124, 0.095146608, 0.3, 0.17656602, 6.1566641, 0.73798876, -8.199543, 4.8994352e-05, 0.0017153287,124
NeoOpt1106BW_20_des0125, 0.10040173, 0.3, 0.17478783, 6.1638647, 0.73708927, -8.1160918, 4.6925474e-05, 0.0017142369,125
NeoOpt1106BW_20_des0126, 0.097932162, 0.3, 0.1758539, 6.1623359, 0.73682912, -8.1523687, 4.7287165e-05, 0.0017140438,126
NeoOpt1106BW_20_des0127, 0.099120976, 0.30019866, 0.17603948, 6.1641679, 0.7364118, -8.1398616, 4.6993257e-05, 0.0017138665,127
NeoOpt1106BW_20_des0128, 0.098494138, 0.3, 0.175765, 6.1653979, 0.73317138, -8.1266014, 4.6471887e-05, 0.0017132125,128
NeoOpt1106BW_20_des0129, 0.098628007, 0.30000035, 0.17592142, 6.1651459, 0.73657274, -8.1232144, 4.6748271e-05, 0.0017136434,129
NeoOpt1106BW_20_des0130, 0.097980664, 0.3, 0.17536272, 6.1651904, 0.73635115, -8.1541639, 4.6883135e-05, 0.0017138124,130
NeoOpt1106BW_20_des0131, 0.098857246, 0.30039143, 0.17580629, 6.1678148, 0.73605021, -8.1382267, 4.5798253e-05, 0.0017128497,131
NeoOpt1106BW_20_des0132, 0.098677267, 0.30055774, 0.17588277, 6.1655077, 0.73603044, -8.1383594, 4.6796449e-05, 0.0017138798,132
NeoOpt1106BW_20_des0133, 0.09904286, 0.3005816, 0.17551382, 6.1647309, 0.73610535, -8.1324422, 4.5891295e-05, 0.0017131119,133
NeoOpt1106BW_20_des0134, 0.098812338, 0.3, 0.17547261, 6.1663885, 0.7361391, -8.1423821, 4.7135094e-05, 0.0017140481,134
NeoOpt1106BW_20_des0135, 0.09882349, 0.3, 0.1758073, 6.165261, 0.73532932, -8.1346671, 4.7115303e-05, 0.0017139965,135
NeoOpt1106BW_20_des0136, 0.098669768, 0.3, 0.17576887, 6.1646021, 0.73607731, -8.1373383, 4.5871158e-05, 0.0017127721,136
NeoOpt1106BW_20_des0137, 0.098618582, 0.30000192, 0.17574359, 6.1647838, 0.7360483, -8.1371101, 4.6364905e-05, 0.0017132631,137
NeoOpt1106BW_20_des0138, 0.098764883, 0.3, 0.17578714, 6.1643532, 0.73630415, -8.1387569, 4.5822155e-05, 0.0017127485,138
NeoOpt1106BW_20_des0139, 0.098781107, 0.30000951, 0.17577657, 6.1643702, 0.73618956, -8.1402192, 4.6791611e-05, 0.0017136211,139
NeoOpt1106BW_20_des0140, 0.098783497, 0.3, 0.17582864, 6.1640862, 0.73631552, -8.1355829, 4.6782407e-05, 0.001713585,140
NeoOpt1106BW_20_des0141, 0.098789217, 0.30010307, 0.17575362, 6.1643359, 0.73631297, -8.1381931, 4.6761335e-05, 0.0017136517,141
NeoOpt1106BW_20_des0142, 0.098678882, 0.3, 0.17579293, 6.1646175, 0.73659201, -8.1391311, 4.6523161e-05, 0.0017134221,142
NeoOpt1106BW_20_des0143, 0.098776266, 0.30014026, 0.17576259, 6.1643593, 0.73633776, -8.1382813, 4.6999168e-05, 0.0017139686,143
NeoOpt1106BW_20_des0144, 0.098788768, 0.3, 0.17578872, 6.1643387, 0.73605828, -8.1417312, 4.671995e-05, 0.0017136185,144
NeoOpt1106BW_20_des0145, 0.098814242, 0.3, 0.17569746, 6.164371, 0.73634984, -8.1379508, 4.655388e-05, 0.0017135136,145
NeoOpt1106BW_20_des0146, 0.098769076, 0.3, 0.1758, 6.1643442, 0.73618602, -8.1402202, 4.6975314e-05, 0.0017137874,146
NeoOpt1106BW_20_des0147, 0.098743295, 0.3, 0.17578135, 6.1642164, 0.73631201, -8.1389145, 4.5881083e-05, 0.0017128079,147
NeoOpt1106BW_20_des0148, 0.098727229, 0.3, 0.17579259, 6.164513, 0.73644879, -8.1387974, 4.6547204e-05, 0.0017134423,148
NeoOpt1106BW_20_des0149, 0.098773046, 0.3, 0.17579729, 6.1642853, 0.73629768, -8.1379526, 4.5653298e-05, 0.0017125695,149
NeoOpt1106BW_20_des0150, 0.09879085, 0.3, 0.17577807, 6.1642679, 0.73629885, -8.1375036, 4.5985409e-05, 0.0017128497,150
NeoOpt1106BW_20_des0151, 0.098785229, 0.30000022, 0.17579966, 6.1642534, 0.73632642, -8.1381377, 4.5724235e-05, 0.0017126094,151
NeoOpt1106BW_20_des0152, 0.098777207, 0.3, 0.17581314, 6.1642519, 0.73622412, -8.138061, 4.6456604e-05, 0.0017133777,152
NeoOpt1106BW_20_des0153, 0.098773113, 0.300045, 0.1757973, 6.1642851, 0.73629779, -8.1379536, 4.5805984e-05, 0.0017126852,153
NeoOpt1106BW_20_des0154, 0.098755545, 0.3, 0.17580205, 6.1643403, 0.73637113, -8.1375795, 4.587611e-05, 0.0017127206,154
NeoOpt1106BW_20_des0155, 0.27892792, 0.98933171, 0.1109136, 6.488392, 1.0664573, -8.9059814, 1.9372639e-05, 0.0020737117,155
NeoOpt1106BW_20_des0156, 0.31892792, 0.98933171, 0.1109136, 6.488392, 1.0664573, -8.9059814, 1.4461717e-05, 0.0020750044,156
NeoOpt1106BW_20_des0157, 0.27892792, 1.0793317, 0.1109136, 6.488392, 1.0664573, -8.9059814, 4.2792424e-05, 0.002157748,157
NeoOpt1106BW_20_des0158, 0.27892792, 0.98933171, 0.1359136, 6.488392, 1.0664573, -8.9059814, 1.4169655e-05, 0.0020663515,158
NeoOpt1106BW_20_des0159, 0.27892792, 0.98933171, 0.1359136, 6.668392, 1.0664573, -8.9059814, 1.544433e-05, 0.0020675012,159
NeoOpt1106BW_20_des0160, 0.27892792, 0.98933171, 0.1359136, 6.488392, 1.1664573, -8.9059814, 2.8424951e-05, 0.0020815649,160
NeoOpt1106BW_20_des0161, 0.27892792, 0.98933171, 0.1359136, 6.488392, 1.0664573, -7.9059814, 2.5067482e-05, 0.0020933407,161
NeoOpt1106BW_20_des0162, 0.27835387, 0.9051861, 0.13796061, 6.4860891, 1.0495361, -9.2062471, 4.7613162e-06, 0.0019985049,162
NeoOpt1106BW_20_des0163, 0.27759908, 0.82557802, 0.14065211, 6.4830612, 1.0272873, -9.6010492, -2.8581178e-06, 0.0019382114,163
NeoOpt1106BW_20_des0164, 0.27672713, 0.76144601, 0.14838258, 6.4462905, 0.98310041, -10, 3.7298946e-07, 0.0018987497,164
NeoOpt1106BW_20_des0165, 0.27615357, 0.69414475, 0.15163828, 6.4352744, 1.0478999, -10, 1.2487979e-05, 0.0018709174,165
NeoOpt1106BW_20_des0166, 0.24858091, 0.65515852, 0.13734768, 6.4242779, 1.0397077, -10, 1.0387452e-05, 0.0018501219,166
NeoOpt1106BW_20_des0167, 0.27214382, 0.60853479, 0.1221264, 6.412994, 1.0297094, -10, 1.5158695e-05, 0.001833044,167
NeoOpt1106BW_20_des0168, 0.27161968, 0.63182206, 0.1081127, 6.3662451, 1.103953, -10, 5.7739012e-06, 0.0018450499,168
NeoOpt1106BW_20_des0169, 0.2721784, 0.61029881, 0.12053987, 6.4765168, 1.0365817, -9.6589378, 1.3813216e-05, 0.0018339999,169
NeoOpt1106BW_20_des0170, 0.27105306, 0.59446476, 0.11786406, 6.5852365, 1.0470547, -10, 1.5220612e-05, 0.0018280217,170
NeoOpt1106BW_20_des0171, 0.2705899, 0.56439153, 0.12373637, 6.574016, 1.0742338, -9.9273255, 1.6727699e-05, 0.0018136462,171
NeoOpt1106BW_20_des0172, 0.26523354, 0.47540503, 0.12494502, 6.5688837, 1.0725253, -9.8953606, 3.1053438e-05, 0.0017881242,172
NeoOpt1106BW_20_des0173, 0.28712257, 0.41133756, 0.134784, 6.5815229, 1.0897569, -9.9608286, 3.9746159e-05, 0.0017717958,173
NeoOpt1106BW_20_des0174, 0.26768282, 0.35501663, 0.14881167, 6.5974547, 1.1116636, -10, 5.8419209e-05, 0.0017636323,174
NeoOpt1106BW_20_des0175, 0.26932308, 0.31248555, 0.13653028, 6.5610292, 1.1818572, -10, 6.6289409e-05, 0.0017594401,175
NeoOpt1106BW_20_des0176, 0.26955178, 0.31186972, 0.13484162, 6.6315915, 1.1879374, -9.7033738, 6.5553344e-05, 0.0017583913,176
NeoOpt1106BW_20_des0177, 0.27367785, 0.3, 0.13880996, 6.5366527, 1.1717429, -8.9019048, 6.4547217e-05, 0.0017511854,177
NeoOpt1106BW_20_des0178, 0.27060462, 0.32406256, 0.1327794, 6.5423926, 1.1382292, -8.9349695, 5.63063e-05, 0.0017543638,178
NeoOpt1106BW_20_des0179, 0.29459134, 0.3, 0.13781306, 6.5490371, 1.0934211, -8.5749689, 6.0516817e-05, 0.0017464933,179
NeoOpt1106BW_20_des0180, 0.29925589, 0.3, 0.14114494, 6.5270705, 1.0384988, -7.7674422, 5.8007525e-05, 0.001747701,180
NeoOpt1106BW_20_des0181, 0.29692362, 0.3, 0.139479, 6.5380538, 1.0659599, -8.1712055, 5.8239417e-05, 0.001745779,181
NeoOpt1106BW_20_des0182, 0.29981363, 0.3, 0.13550456, 6.466639, 1.0450405, -8.3066086, 5.7419635e-05, 0.0017446568,182
NeoOpt1106BW_20_des0183, 0.30691039, 0.3, 0.12631054, 6.4893883, 1.0190999, -8.3097931, 5.721482e-05, 0.0017473566,183
NeoOpt1106BW_20_des0184, 0.30508043, 0.31025969, 0.13411233, 6.4567665, 1.0591731, -8.2286005, 5.6496971e-05, 0.0017498415,184
NeoOpt1106BW_20_des0185, 0.29414204, 0.3, 0.14445105, 6.4527411, 1.018824, -8.4713513, 6.1335668e-05, 0.0017433199,185
NeoOpt1106BW_20_des0186, 0.27985418, 0.3, 0.14649532, 6.3959279, 1.0235633, -8.3536394, 5.6745394e-05, 0.0017389248,186
NeoOpt1106BW_20_des0187, 0.26637223, 0.3, 0.14902456, 6.3364167, 1.02893, -8.2354245, 5.6434255e-05, 0.0017388416,187
NeoOpt1106BW_20_des0188, 0.27045564, 0.3122638, 0.15088397, 6.3301084, 1.023471, -8.081248, 5.5384338e-05, 0.0017423097,188
NeoOpt1106BW_20_des0189, 0.27328431, 0.3, 0.15933881, 6.3174509, 1.0097953, -8.2824313, 6.2930005e-05, 0.0017391125,189
NeoOpt1106BW_20_des0190, 0.26881684, 0.3, 0.14576098, 6.3104455, 1.0156549, -8.2927171, 5.6390694e-05, 0.0017389772,190
NeoOpt1106BW_20_des0191, 0.25389735, 0.3, 0.14950418, 6.3724401, 1.0027447, -8.4445865, 5.4183874e-05, 0.0017340154,191
NeoOpt1106BW_20_des0192, 0.24811072, 0.3, 0.15644612, 6.3905939, 0.97047462, -8.6386466, 6.1506078e-05, 0.0017370703,192
NeoOpt1106BW_20_des0193, 0.25365239, 0.31622389, 0.14917732, 6.3780145, 0.99407964, -8.2985437, 4.8938859e-05, 0.0017363208,193
NeoOpt1106BW_20_des0194, 0.25076455, 0.3, 0.14736194, 6.3893989, 0.97963507, -8.0271645, 5.4349144e-05, 0.0017375489,194
NeoOpt1106BW_20_des0195, 0.26052434, 0.30126097, 0.14815385, 6.4027433, 0.99844531, -8.4863902, 5.4176613e-05, 0.0017347307,195
NeoOpt1106BW_20_des0196, 0.24279963, 0.3, 0.14338444, 6.3965258, 1.0285443, -8.6138109, 5.4729513e-05, 0.0017366477,196
NeoOpt1106BW_20_des0197, 0.25457949, 0.3, 0.15368351, 6.3871588, 1.0176373, -8.3711214, 5.513529e-05, 0.0017344264,197
NeoOpt1106BW_20_des0198, 0.25955863, 0.3, 0.14957302, 6.3375939, 1.0087012, -8.4824835, 5.5413599e-05, 0.0017352025,198
NeoOpt1106BW_20_des0199, 0.25261682, 0.3, 0.15139688, 6.3730716, 0.99644376, -8.5144859, 5.8216636e-05, 0.0017368579,199
NeoOpt1106BW_20_des0200, 0.25334652, 0.30351888, 0.14918775, 6.3734111, 1.0056873, -8.4782429, 5.4097633e-05, 0.0017354485,200
NeoOpt1106BW_20_des0201, 0.25345612, 0.3, 0.14761736, 6.3737659, 1.0048813, -8.3481684, 5.680697e-05, 0.0017379505,201
NeoOpt1106BW_20_des0202, 0.25568393, 0.30063479, 0.14976639, 6.3649597, 1.0032401, -8.4447363, 5.4051077e-05, 0.0017341464,202
NeoOpt1106BW_20_des0203, 0.25396772, 0.30096706, 0.15003984, 6.3742853, 1.0037341, -8.4305887, 5.4734832e-05, 0.001734898,203
NeoOpt1106BW_20_des0204, 0.25423677, 0.3, 0.14967742, 6.3735044, 1.0082813, -8.4707771, 5.4888304e-05, 0.0017348415,204
NeoOpt1106BW_20_des0205, 0.25555483, 0.30015301, 0.14915218, 6.3796047, 1.0011007, -8.45614, 5.4383701e-05, 0.0017343785,205
NeoOpt1106BW_20_des0206, 0.25380387, 0.3, 0.1488599, 6.3704073, 1.0024601, -8.4314977, 5.7387755e-05, 0.0017375953,206
NeoOpt1106BW_20_des0207, 0.25373484, 0.3, 0.14996232, 6.3720235, 1.0013515, -8.4651964, 5.418967e-05, 0.0017336984,207
NeoOpt1106BW_20_des0208, 0.25382427, 0.3, 0.15004763, 6.3724092, 1.0026439, -8.4726725, 5.4550354e-05, 0.0017342063,208
NeoOpt1106BW_20_des0209, 0.25401572, 0.30025746, 0.1499515, 6.3718479, 1.001215, -8.4659333, 5.3731303e-05, 0.0017333927,209
NeoOpt1106BW_20_des0210, 0.25412024, 0.3000822, 0.14986718, 6.3743694, 1.0007729, -8.4684557, 5.4107531e-05, 0.0017336915,210
NeoOpt1106BW_20_des0211, 0.25413233, 0.30085401, 0.15001027, 6.3717349, 1.0012076, -8.4642971, 5.3901815e-05, 0.0017337761,211
NeoOpt1106BW_20_des0212, 0.2544645, 0.3, 0.15006831, 6.3706061, 1.000719, -8.4619271, 5.4574124e-05, 0.001734108,212
NeoOpt1106BW_20_des0213, 0.2539752, 0.30044588, 0.14966913, 6.3707636, 1.0009106, -8.4740321, 5.4159864e-05, 0.0017339831,213
NeoOpt1106BW_20_des0214, 0.25410874, 0.30012539, 0.14998294, 6.3719419, 1.0018248, -8.4697325, 5.4875069e-05, 0.001734568,214
NeoOpt1106BW_20_des0215, 0.25405264, 0.30024625, 0.14989159, 6.3718814, 1.0013771, -8.4634863, 5.4544489e-05, 0.0017342293,215
NeoOpt1106BW_20_des0216, 0.25380612, 0.30021602, 0.15004228, 6.3717929, 1.0007722, -8.4666253, 5.4218584e-05, 0.0017337762,216
NeoOpt1106BW_20_des0217, 0.25402609, 0.30033781, 0.14989638, 6.371595, 1.0010711, -8.4682754, 5.3976197e-05, 0.0017338027,217
NeoOpt1106BW_20_des0218, 0.25399817, 0.30031304, 0.14993984, 6.3721525, 1.0012168, -8.4663335, 5.4555458e-05, 0.0017342662,218
NeoOpt1106BW_20_des0219, 0.25412251, 0.30010177, 0.14997565, 6.3719006, 1.0010136, -8.4656806, 5.4346179e-05, 0.0017339143,219
NeoOpt1106BW_20_des0220, 0.25397574, 0.30023415, 0.14997309, 6.3716022, 1.0012066, -8.4655711, 5.39832e-05, 0.0017336175,220
NeoOpt1106BW_20_des0221, 0.25400586, 0.30018394, 0.14994595, 6.3718645, 1.001239, -8.4662653, 5.7068606e-05, 0.0017366367,221
NeoOpt1106BW_20_des0222, 0.25405036, 0.30039436, 0.14996958, 6.3717824, 1.0012431, -8.4658045, 5.3943539e-05, 0.0017336375,222
NeoOpt1106BW_20_des0223, 0.25402211, 0.30025883, 0.14995222, 6.3718661, 1.0011296, -8.4654501, 5.3840544e-05, 0.0017334915,223
NeoOpt1106BW_20_des0224, 0.2540149, 0.30026666, 0.14994873, 6.3718191, 1.0011911, -8.4663125, 5.3934175e-05, 0.0017335432,224
NeoOpt1106BW_20_des0225, 0.25400861, 0.30028668, 0.14993225, 6.3717914, 1.0012287, -8.4655426, 5.4444772e-05, 0.0017341296,225
NeoOpt1106BW_20_des0226, 0.25403441, 0.30031978, 0.14996431, 6.3718289, 1.0012311, -8.4658835, 5.6847799e-05, 0.0017364781,226
NeoOpt1106BW_20_des0227, 0.12601031, 0.68515875, 0.090188105, 6.1677031, 0.7152504, -0.73933783, 9.9402285e-05, 0.0021986952,227
NeoOpt1106BW_20_des0228, 0.16601031, 0.68515875, 0.090188105, 6.1677031, 0.7152504, -0.73933783, 9.1503782e-05, 0.002195196,228
NeoOpt1106BW_20_des0229, 0.16601031, 0.77515875, 0.090188105, 6.1677031, 0.7152504, -0.73933783, 0.00010911939, 0.0022556733,229
NeoOpt1106BW_20_des0230, 0.16601031, 0.68515875, 0.11518811, 6.1677031, 0.7152504, -0.73933783, 9.0276189e-05, 0.0021851438,230
NeoOpt1106BW_20_des0231, 0.16601031, 0.68515875, 0.11518811, 6.3477031, 0.7152504, -0.73933783, 8.644125e-05, 0.0021811817,231
NeoOpt1106BW_20_des0232, 0.16601031, 0.68515875, 0.11518811, 6.3477031, 0.8152504, -0.73933783, 9.5858988e-05, 0.0021917198,232
NeoOpt1106BW_20_des0233, 0.16601031, 0.68515875, 0.11518811, 6.3477031, 0.7152504, -1.7393378, 6.4441665e-05, 0.002124744,233
NeoOpt1106BW_20_des0234, 0.16767388, 0.62048997, 0.11817658, 6.356173, 0.70272612, -2.4099929, 4.2876287e-05, 0.0020490494,234
NeoOpt1106BW_20_des0235, 0.16951278, 0.56293444, 0.12148004, 6.3655357, 0.6888818, -3.1513337, 2.103619e-05, 0.001976358,235
NeoOpt1106BW_20_des0236, 0.17141644, 0.51648983, 0.12489982, 6.375228, 0.67455002, -3.9815595, 1.3461353e-05, 0.0019179799,236
NeoOpt1106BW_20_des0237, 0.17232854, 0.45304064, 0.12653834, 6.4599947, 0.62317056, -3.8701322, 1.2118978e-05, 0.0018927675,237
NeoOpt1106BW_20_des0238, 0.17303254, 0.39762355, 0.12780303, 6.4936514, 0.69910152, -3.9506032, 2.4940397e-05, 0.0018744469,238
NeoOpt1106BW_20_des0239, 0.19290007, 0.39868024, 0.12895431, 6.4905718, 0.69930616, -3.9233047, 2.3557744e-05, 0.0018749307,239
NeoOpt1106BW_20_des0240, 0.16938389, 0.37081682, 0.1475831, 6.4015669, 0.69042398, -3.8627547, 2.9905283e-05, 0.0018568616,240
NeoOpt1106BW_20_des0241, 0.17010335, 0.35275628, 0.14003137, 6.3415518, 0.68500744, -3.7990338, 3.1644551e-05, 0.0018557342,241
NeoOpt1106BW_20_des0242, 0.17089789, 0.3, 0.14541829, 6.3394295, 0.66846607, -4.5619666, 4.6355515e-05, 0.0018117577,242
NeoOpt1106BW_20_des0243, 0.17115098, 0.3, 0.15575883, 6.3455534, 0.64635809, -5.4444875, 4.1429841e-05, 0.0017701187,243
NeoOpt1106BW_20_des0244, 0.17122897, 0.3, 0.16199245, 6.2886765, 0.66689521, -6.3365643, 4.5475463e-05, 0.0017447085,244
NeoOpt1106BW_20_des0245, 0.17130199, 0.3, 0.16809569, 6.2747665, 0.59377644, -6.9688539, 4.7673188e-05, 0.0017278333,245
NeoOpt1106BW_20_des0246, 0.17151104, 0.3, 0.1813373, 6.3964777, 0.6111085, -7.4507021, 5.6888752e-05, 0.0017242363,246
NeoOpt1106BW_20_des0247, 0.15163649, 0.3010886, 0.18022644, 6.4006461, 0.61112922, -7.472363, 5.0756695e-05, 0.0017185429,247
NeoOpt1106BW_20_des0248, 0.1362122, 0.30217721, 0.17717059, 6.3412784, 0.60885708, -8.3249601, 5.4568551e-05, 0.0017167643,248
NeoOpt1106BW_20_des0249, 0.13796535, 0.30832307, 0.16958054, 6.3881653, 0.58080676, -8.3935779, 5.1147355e-05, 0.0017175628,249
NeoOpt1106BW_20_des0250, 0.1263273, 0.30435441, 0.1892384, 6.3316261, 0.52513466, -8.2860497, 5.7847807e-05, 0.001715177,250
NeoOpt1106BW_20_des0251, 0.12608185, 0.3489192, 0.18817756, 6.3380518, 0.52115908, -8.2969659, 5.071655e-05, 0.0017280245,251
NeoOpt1106BW_20_des0252, 0.090743117, 0.30870883, 0.18865723, 6.4127493, 0.52743905, -8.2404987, 5.194464e-05, 0.0017131197,252
NeoOpt1106BW_20_des0253, 0.075329794, 0.31741766, 0.17514016, 6.3084436, 0.50470511, -7.8375828, 4.2967778e-05, 0.0017133603,253
NeoOpt1106BW_20_des0254, 0.055182709, 0.3, 0.18073017, 6.4217621, 0.5, -8.3886846, 5.247103e-05, 0.0017120959,254
NeoOpt1106BW_20_des0255, 0.055297381, 0.3, 0.18177824, 6.4927482, 0.5, -7.4706929, 4.5108027e-05, 0.0017092346,255
NeoOpt1106BW_20_des0256, 0.041676765, 0.3, 0.18975806, 6.4303186, 0.57556593, -7.1692757, 4.458028e-05, 0.0017143436,256
NeoOpt1106BW_20_des0257, 0.052234196, 0.31141155, 0.1909731, 6.4682174, 0.52691651, -7.4287036, 4.5378842e-05, 0.0017143313,257
NeoOpt1106BW_20_des0258, 0.061839538, 0.30121207, 0.16218486, 6.5904379, 0.52533132, -7.4814091, 3.8361235e-05, 0.0017122551,258
NeoOpt1106BW_20_des0259, 0.057635895, 0.34409381, 0.18077508, 6.4812417, 0.50023418, -7.441581, 3.6674599e-05, 0.0017233752,259
NeoOpt1106BW_20_des0260, 0.081209487, 0.3, 0.18373161, 6.4381564, 0.5, -6.7762413, 4.6859423e-05, 0.001722091,260
NeoOpt1106BW_20_des0261, 0.040540531, 0.3, 0.17537119, 6.4597321, 0.5, -7.3499752, 4.0394374e-05, 0.0017098786,261
NeoOpt1106BW_20_des0262, 0.043650183, 0.3, 0.18682576, 6.554755, 0.5, -7.5467336, 4.7698752e-05, 0.0017092559,262
NeoOpt1106BW_20_des0263, 0.058884545, 0.3, 0.18459776, 6.5012656, 0.5, -7.2719492, 4.5726101e-05, 0.001712026,263
NeoOpt1106BW_20_des0264, 0.054344638, 0.30012887, 0.1836615, 6.4805468, 0.50673385, -7.486554, 4.743315e-05, 0.0017115317,264
NeoOpt1106BW_20_des0265, 0.057202993, 0.3, 0.17769038, 6.5155803, 0.51258131, -7.5103787, 4.6522655e-05, 0.001712371,265
NeoOpt1106BW_20_des0266, 0.055591713, 0.3, 0.18009325, 6.4911152, 0.5, -7.7111526, 4.774132e-05, 0.0017105481,266
NeoOpt1106BW_20_des0267, 0.051574134, 0.3, 0.18007853, 6.4871788, 0.5, -7.4335291, 4.6435372e-05, 0.0017121142,267
NeoOpt1106BW_20_des0268, 0.055292332, 0.30562454, 0.18178524, 6.492698, 0.50006817, -7.4707286, 4.6818543e-05, 0.0017138954,268
NeoOpt1106BW_20_des0269, 0.057832056, 0.3, 0.182364, 6.4957263, 0.5, -7.574553, 4.8683985e-05, 0.0017120256,269
NeoOpt1106BW_20_des0270, 0.056757929, 0.3, 0.18115114, 6.4850096, 0.5, -7.4609227, 4.5461071e-05, 0.0017101234,270
NeoOpt1106BW_20_des0271, 0.056721562, 0.3, 0.18305165, 6.503303, 0.5, -7.3794545, 4.6628782e-05, 0.0017124356,271
NeoOpt1106BW_20_des0272, 0.05305421, 0.3, 0.18112217, 6.4916026, 0.5, -7.4763653, 4.5860117e-05, 0.0017107365,272
NeoOpt1106BW_20_des0273, 0.055106687, 0.30001544, 0.18208842, 6.4907945, 0.50260462, -7.4687835, 4.5289227e-05, 0.0017100165,273
NeoOpt1106BW_20_des0274, 0.056242712, 0.3, 0.18177976, 6.4971297, 0.5, -7.523183, 4.737412e-05, 0.0017114317,274
NeoOpt1106BW_20_des0275, 0.055163929, 0.30001584, 0.18205728, 6.4907997, 0.50261009, -7.4772021, 4.6227051e-05, 0.0017108209,275
NeoOpt1106BW_20_des0276, 0.055332125, 0.3, 0.18287294, 6.4937548, 0.5, -7.426457, 4.5786132e-05, 0.0017110902,276
NeoOpt1106BW_20_des0282, 0.061974406, 1.1934465, 0.16054905, 6.5080369, 0.85107406, -7.2881761, 0.00015213339, 0.0023328853,277
NeoOpt1106BW_20_des0283, 0.10197441, 1.1934465, 0.16054905, 6.5080369, 0.85107406, -7.2881761, 0.00014089204, 0.0023273129,278
NeoOpt1106BW_20_des0284, 0.10197441, 1.1034465, 0.16054905, 6.5080369, 0.85107406, -7.2881761, 8.8710127e-05, 0.0022203424,279
NeoOpt1106BW_20_des0285, 0.10197441, 1.1034465, 0.18554905, 6.5080369, 0.85107406, -7.2881761, 7.5078307e-05, 0.0022091251,280
NeoOpt1106BW_20_des0286, 0.10197441, 1.1034465, 0.18554905, 6.6880369, 0.85107406, -7.2881761, 7.4503587e-05, 0.0022084941,281
NeoOpt1106BW_20_des0287, 0.10197441, 1.1034465, 0.18554905, 6.6880369, 0.95107406, -7.2881761, 8.6242399e-05, 0.0022216854,282
NeoOpt1106BW_20_des0288, 0.10197441, 1.1034465, 0.18554905, 6.6880369, 0.85107406, -6.2881761, 9.1225811e-05, 0.0022508334,283
NeoOpt1106BW_20_des0289, 0.10389068, 1.0207918, 0.18795512, 6.689026, 0.83974128, -7.6516838, 4.5178655e-05, 0.0021136438,284
NeoOpt1106BW_20_des0290, 0.11620694, 0.94598782, 0.19079139, 6.6901918, 0.82638221, -8.0801859, 2.6570917e-05, 0.0020368847,285
NeoOpt1106BW_20_des0291, 0.097174728, 0.87601721, 0.19331101, 6.6912276, 0.8145146, -8.4608485, 1.7870794e-05, 0.0019758106,286
NeoOpt1106BW_20_des0292, 0.10238399, 0.82974396, 0.19636098, 6.7359864, 0.77597951, -9.163331, 9.8611781e-06, 0.001930619,287
NeoOpt1106BW_20_des0293, 0.10784896, 0.74816239, 0.19899591, 6.7578319, 0.75203409, -8.8867725, 5.0597828e-06, 0.0018800682,288
NeoOpt1106BW_20_des0294, 0.1126516, 0.68542987, 0.2014647, 6.7838413, 0.81346143, -9.1897134, 1.2085504e-05, 0.0018490161,289
NeoOpt1106BW_20_des0295, 0.11528855, 0.65957858, 0.22012039, 6.6811496, 0.80168292, -9.3198659, 1.8253017e-05, 0.0018347952,290
NeoOpt1106BW_20_des0296, 0.12049293, 0.65227843, 0.2120887, 6.6197509, 0.79920568, -9.3993253, 1.7157758e-05, 0.0018307448,291
NeoOpt1106BW_20_des0297, 0.1093068, 0.57265391, 0.210443, 6.6298566, 0.77035787, -9.6192463, 2.4731709e-05, 0.0017951402,292
NeoOpt1106BW_20_des0298, 0.13458656, 0.51102572, 0.21210354, 6.6676146, 0.74452853, -9.7479376, 3.5311383e-05, 0.0017760423,293
NeoOpt1106BW_20_des0299, 0.12927591, 0.44051316, 0.21188456, 6.635572, 0.76590678, -9.2084243, 4.0479925e-05, 0.0017545485,294
NeoOpt1106BW_20_des0300, 0.12106086, 0.3618465, 0.21247209, 6.6176618, 0.77745369, -9.6207703, 5.5820321e-05, 0.0017387217,295
NeoOpt1106BW_20_des0301, 0.11322963, 0.31761433, 0.2119238, 6.5896187, 0.69761568, -9.3800117, 6.1599261e-05, 0.0017228067,296
NeoOpt1106BW_20_des0302, 0.10817624, 0.3, 0.19288467, 6.6956007, 0.69348811, -9.2481883, 5.826302e-05, 0.0017169991,297
NeoOpt1106BW_20_des0303, 0.10166302, 0.30179996, 0.20069732, 6.7585692, 0.69267419, -9.1935762, 5.7879424e-05, 0.001715321,298
NeoOpt1106BW_20_des0304, 0.11267025, 0.30359992, 0.2068032, 6.8, 0.65460642, -8.3772855, 5.3059739e-05, 0.0017087641,299
NeoOpt1106BW_20_des0305, 0.090407546, 0.30719984, 0.20920667, 6.8, 0.629476, -7.5922785, 4.7535439e-05, 0.0017087799,300
NeoOpt1106BW_20_des0306, 0.11377038, 0.33875969, 0.20856668, 6.7927929, 0.68215544, -8.2583262, 4.6161895e-05, 0.0017184166,301
NeoOpt1106BW_20_des0307, 0.12310491, 0.30719984, 0.20859237, 6.8, 0.55873421, -8.4552527, 6.2730855e-05, 0.0017166531,302
NeoOpt1106BW_20_des0308, 0.13029607, 0.3, 0.21493398, 6.8, 0.71412582, -7.7905995, 5.9479142e-05, 0.00171515,303
NeoOpt1106BW_20_des0309, 0.11371979, 0.3, 0.19463479, 6.8, 0.65819676, -8.2797645, 5.0368024e-05, 0.0017082728,304
NeoOpt1106BW_20_des0310, 0.11151987, 0.30073419, 0.19459208, 6.7576179, 0.66419594, -8.2989278, 5.0913215e-05, 0.0017091477,305
NeoOpt1106BW_20_des0311, 0.1206835, 0.3, 0.19412481, 6.7888423, 0.61178235, -8.2816007, 5.5405399e-05, 0.0017120501,306
NeoOpt1106BW_20_des0312, 0.12246805, 0.30656742, 0.19509023, 6.7946666, 0.6667273, -8.3090188, 5.0359682e-05, 0.0017106982,307
NeoOpt1106BW_20_des0313, 0.11176454, 0.3, 0.19863831, 6.8, 0.68470845, -7.8903051, 5.1251616e-05, 0.0017108477,308
NeoOpt1106BW_20_des0314, 0.10513297, 0.3, 0.19363121, 6.8, 0.67840312, -8.6816045, 5.3075579e-05, 0.0017111149,309
NeoOpt1106BW_20_des0315, 0.11316289, 0.3, 0.19450413, 6.8, 0.63343214, -8.248939, 5.1670493e-05, 0.0017090825,310
NeoOpt1106BW_20_des0316, 0.11522076, 0.3106054, 0.19493015, 6.7975518, 0.6579776, -8.2784207, 4.8427399e-05, 0.0017108929,311
NeoOpt1106BW_20_des0317, 0.10826575, 0.3, 0.19390524, 6.8, 0.66412349, -8.4786218, 5.1483119e-05, 0.0017092356,312
NeoOpt1106BW_20_des0318, 0.11174552, 0.3, 0.1953476, 6.8, 0.66327783, -8.1807986, 5.0036826e-05, 0.0017083607,313
NeoOpt1106BW_20_des0319, 0.1135395, 0.30038354, 0.19612254, 6.7998021, 0.65787564, -8.2975084, 5.0853083e-05, 0.0017084574,314
NeoOpt1106BW_20_des0320, 0.1104331, 0.3, 0.19341132, 6.8, 0.66293527, -8.3448273, 5.072973e-05, 0.0017087968,315
NeoOpt1106BW_20_des0321, 0.11370542, 0.3, 0.19444784, 6.8, 0.65249768, -8.2552239, 5.0398943e-05, 0.001708328,316
NeoOpt1106BW_20_des0322, 0.11372486, 0.30032361, 0.194628, 6.7944127, 0.65820461, -8.2796632, 4.9855971e-05, 0.0017078475,317
NeoOpt1106BW_20_des0323, 0.11463469, 0.30064722, 0.19457955, 6.7840676, 0.65882182, -8.2740939, 5.0687708e-05, 0.00170886,318
NeoOpt1106BW_20_des0324, 0.11260954, 0.30035657, 0.19445716, 6.7934555, 0.65789254, -8.2903519, 5.0499719e-05, 0.0017084163,319
NeoOpt1106BW_20_des0325, 0.11391301, 0.30015381, 0.19472501, 6.7943603, 0.65759556, -8.2925558, 5.019598e-05, 0.0017080264,320
NeoOpt1106BW_20_des0326, 0.11341197, 0.30006885, 0.19535382, 6.7940765, 0.6581745, -8.2718607, 4.9764301e-05, 0.0017074945,321
NeoOpt1106BW_20_des0327, 0.11341979, 0.30100102, 0.19542096, 6.7942897, 0.65917128, -8.2772322, 5.0662842e-05, 0.0017087398,322
NeoOpt1106BW_20_des0328, 0.11343143, 0.30171455, 0.19535604, 6.7942697, 0.65583287, -8.2622439, 5.0119626e-05, 0.0017084772,323
NeoOpt1106BW_20_des0329, 0.11374234, 0.3, 0.19528474, 6.7912367, 0.65738136, -8.2476053, 5.0638188e-05, 0.0017084383,324
NeoOpt1106BW_20_des0330, 0.11282918, 0.3, 0.19527523, 6.793665, 0.65782872, -8.273912, 5.0848805e-05, 0.0017086263,325
NeoOpt1106BW_20_des0331, 0.11334221, 0.30007614, 0.19532007, 6.7950522, 0.65839399, -8.2671744, 5.0874318e-05, 0.0017086567,326
NeoOpt1106BW_20_des0332, 0.11376637, 0.30013771, 0.19547473, 6.7937498, 0.6574591, -8.2811986, 5.0562776e-05, 0.0017082236,327
NeoOpt1106BW_20_des0333, 0.11346363, 0.30013771, 0.19535541, 6.7933474, 0.6587934, -8.273878, 5.1074945e-05, 0.0017089075,328
NeoOpt1106BW_20_des0334, 0.11344786, 0.30015704, 0.19526397, 6.7940928, 0.65813283, -8.272489, 4.9560887e-05, 0.0017073727,329
NeoOpt1106BW_20_des0335, 0.11347146, 0.30056511, 0.19528056, 6.7934552, 0.6578608, -8.2680463, 5.0471786e-05, 0.0017084079,330
NeoOpt1106BW_20_des0336, 0.11331388, 0.30014328, 0.19529363, 6.7939554, 0.65802041, -8.2733624, 4.9489998e-05, 0.0017072861,331
NeoOpt1106BW_20_des0337, 0.11325718, 0.30016763, 0.19514136, 6.7942227, 0.65785983, -8.2774944, 5.0541166e-05, 0.0017083739,332
NeoOpt1106BW_20_des0338, 0.11333385, 0.30037927, 0.19533267, 6.7942649, 0.6580125, -8.2750156, 5.0674451e-05, 0.0017085971,333
NeoOpt1106BW_20_des0339, 0.11344987, 0.30028655, 0.19536123, 6.7937193, 0.65740473, -8.2734295, 5.0501465e-05, 0.001708272,334
NeoOpt1106BW_20_des0340, 0.11327424, 0.30028655, 0.19529819, 6.794276, 0.65797698, -8.2704731, 5.0952265e-05, 0.001708785,335
NeoOpt1106BW_20_des0341, 0.1133105, 0.30025887, 0.19528211, 6.7937151, 0.65805697, -8.2731921, 5.0504979e-05, 0.0017083038,336
NeoOpt1106BW_20_des0342, 0.11335309, 0.30028655, 0.19536082, 6.7940067, 0.65815483, -8.2749909, 5.0673651e-05, 0.0017085187,337
NeoOpt1106BW_20_des0343, 0.11331499, 0.3, 0.19527877, 6.7940345, 0.65798521, -8.274143, 5.0769577e-05, 0.001708549,338
NeoOpt1106BW_20_des0344, 0.11329987, 0.3001381, 0.19529132, 6.7939961, 0.65810757, -8.2734534, 4.9732109e-05, 0.0017075591,339
NeoOpt1106BW_20_des0345, 0.11333239, 0.30008809, 0.19533333, 6.7938517, 0.65805421, -8.2728559, 5.061859e-05, 0.0017084031,340
NeoOpt1106BW_20_des0346, 0.11330271, 0.30015473, 0.19529039, 6.7940403, 0.65799379, -8.2725905, 5.0535917e-05, 0.0017083407,341
NeoOpt1106BW_20_des0347, 0.11329692, 0.30014338, 0.19529773, 6.7939403, 0.65800598, -8.273487, 4.9516515e-05, 0.0017072747,342
NeoOpt1106BW_20_des0348, 0.1133063, 0.30018983, 0.195306, 6.7940222, 0.65799659, -8.2740817, 5.0326071e-05, 0.0017081524,343
NeoOpt1106BW_20_des0349, 0.11329813, 0.30008184, 0.19528543, 6.7938902, 0.65798738, -8.2739079, 5.0663093e-05, 0.0017084854,344
NeoOpt1106BW_20_des0350, 0.20871382, 0.82981169, 0.24787111, 5.196071, 1.4678815, -1.8797068, 0.00019428805, 0.0023182021,345
NeoOpt1106BW_20_des0351, 0.24871382, 0.82981169, 0.24787111, 5.196071, 1.4678815, -1.8797068, 0.00017604303, 0.0023039423,346
NeoOpt1106BW_20_des0352, 0.24871382, 0.91981169, 0.24787111, 5.196071, 1.4678815, -1.8797068, 0.00018258442, 0.0023689093,347
NeoOpt1106BW_20_des0353, 0.24871382, 0.82981169, 0.27287111, 5.196071, 1.4678815, -1.8797068, 0.00018033737, 0.0023039156,348
NeoOpt1106BW_20_des0354, 0.24871382, 0.82981169, 0.27287111, 5.376071, 1.4678815, -1.8797068, 0.00018142095, 0.0023061151,349
NeoOpt1106BW_20_des0355, 0.24871382, 0.82981169, 0.27287111, 5.196071, 1.3678815, -1.8797068, 0.00015627906, 0.0022786746,350
NeoOpt1106BW_20_des0356, 0.24871382, 0.82981169, 0.27287111, 5.196071, 1.3678815, -0.87970681, 0.00017216713, 0.0023282792,351
NeoOpt1106BW_20_des0357, 0.25528797, 0.76241858, 0.27287687, 5.1915069, 1.3387795, -2.4514873, 0.00014659241, 0.0022062433,352
NeoOpt1106BW_20_des0358, 0.26304505, 0.70632818, 0.27288367, 5.1861215, 1.3044411, -3.1261523, 0.00012727367, 0.0021299594,353
NeoOpt1106BW_20_des0359, 0.27039105, 0.63832992, 0.27289011, 5.1810216, 1.2785687, -3.6986005, 0.00012105719, 0.0020609072,354
NeoOpt1106BW_20_des0360, 0.27806519, 0.59623833, 0.27289684, 5.1756938, 1.236224, -4.4497861, 0.00010993264, 0.0020016984,355
NeoOpt1106BW_20_des0361, 0.28536436, 0.52154501, 0.27290324, 5.1706263, 1.1861305, -4.6116377, 0.0001079071, 0.0019560172,356
NeoOpt1106BW_20_des0362, 0.28999835, 0.48220703, 0.2860959, 5.0724513, 1.2055528, -5.0380838, 0.00012093304, 0.001932022,357
NeoOpt1106BW_20_des0363, 0.29371546, 0.44875367, 0.2959601, 5.2059371, 1.2186189, -5.3993198, 0.00012975285, 0.0019092716,358
NeoOpt1106BW_20_des0364, 0.25582931, 0.42864452, 0.29528592, 5.2052116, 1.2096551, -5.6095535, 0.0001260159, 0.0018855938,359
NeoOpt1106BW_20_des0365, 0.25720756, 0.41286046, 0.28703989, 5.2042547, 1.2420673, -5.6741816, 0.00012808255, 0.0018789258,360
NeoOpt1106BW_20_des0366, 0.25460237, 0.36320372, 0.28215721, 5.2066944, 1.2107285, -6.41903, 0.00013251787, 0.001836316,361
NeoOpt1106BW_20_des0367, 0.24227465, 0.3, 0.28131159, 5.216611, 1.1801516, -6.9795375, 0.00012325727, 0.0017818604,362
NeoOpt1106BW_20_des0368, 0.23755009, 0.3, 0.28402513, 5.2206238, 1.1151815, -7.7222759, 0.00012227077, 0.0017695511,363
NeoOpt1106BW_20_des0369, 0.22095954, 0.3, 0.28297293, 5.2343122, 1.0247379, -7.7713793, 0.00011602751, 0.0017609518,364
NeoOpt1106BW_20_des0370, 0.20593529, 0.3, 0.29640693, 5.142901, 0.98781778, -8.1908477, 0.00011961212, 0.0017596297,365
NeoOpt1106BW_20_des0371, 0.22067148, 0.31649617, 0.29773987, 5.112471, 0.96864648, -8.0790175, 0.00012866197, 0.0017748848,366
NeoOpt1106BW_20_des0372, 0.20356374, 0.3, 0.3, 5.3019271, 0.95832605, -8.5199654, 0.0001212765, 0.0017603247,367
NeoOpt1106BW_20_des0373, 0.21204726, 0.34118241, 0.29862671, 5.1412574, 0.98001292, -8.1341731, 0.00011953067, 0.001777577,368
NeoOpt1106BW_20_des0374, 0.18612665, 0.3, 0.27843101, 5.1252876, 0.99224935, -8.6664614, 0.00011172758, 0.0017552623,369
NeoOpt1106BW_20_des0375, 0.15220497, 0.3, 0.2796797, 5.1478799, 0.99999348, -8.1599249, 9.925729e-05, 0.0017446505,370
NeoOpt1106BW_20_des0376, 0.13293164, 0.3, 0.28618804, 5.1653633, 1.0810086, -8.3450868, 9.8446952e-05, 0.0017449472,371
NeoOpt1106BW_20_des0377, 0.12025297, 0.3, 0.27336914, 5.1445304, 0.96790328, -7.7184761, 9.257855e-05, 0.0017405559,372
NeoOpt1106BW_20_des0378, 0.1066639, 0.3, 0.2548239, 5.1118662, 0.95905373, -8.2602712, 8.9629437e-05, 0.0017391125,373
NeoOpt1106BW_20_des0379, 0.10188016, 0.31421679, 0.26181423, 5.0662938, 0.941547, -8.4547251, 9.1474023e-05, 0.001744876,374
NeoOpt1106BW_20_des0380, 0.081957753, 0.3, 0.26264528, 5, 0.94068776, -7.943004, 9.0227302e-05, 0.0017392933,375
NeoOpt1106BW_20_des0381, 0.10389822, 0.33868397, 0.25795647, 5.1293508, 0.94654373, -8.4005788, 8.035417e-05, 0.0017458474,376
NeoOpt1106BW_20_des0382, 0.10727317, 0.3, 0.23826814, 5.0947092, 0.99432172, -7.6062447, 7.9475081e-05, 0.0017369962,377
NeoOpt1106BW_20_des0383, 0.084933197, 0.3, 0.24116989, 5.1562528, 1.0679952, -7.7284158, 8.5068052e-05, 0.0017427877,378
NeoOpt1106BW_20_des0384, 0.09930677, 0.31084065, 0.23686388, 5.1521965, 0.96758373, -7.4677536, 7.332016e-05, 0.0017376156,379
NeoOpt1106BW_20_des0385, 0.11863588, 0.3, 0.22524052, 5.0716104, 0.92114926, -7.2966213, 7.2590439e-05, 0.0017352191,380
NeoOpt1106BW_20_des0386, 0.10328703, 0.3, 0.20718734, 5.1370836, 0.89777255, -6.9167053, 6.3866042e-05, 0.0017373333,381
NeoOpt1106BW_20_des0387, 0.12736586, 0.3, 0.23111492, 5.0907117, 0.91861263, -6.9288592, 7.3864598e-05, 0.0017400676,382
NeoOpt1106BW_20_des0388, 0.12485832, 0.30527161, 0.22344069, 5.0970961, 0.92629379, -7.3802474, 7.1986462e-05, 0.0017369486,383
NeoOpt1106BW_20_des0389, 0.11438895, 0.33719489, 0.22423748, 5.0255021, 0.91995477, -7.3203051, 6.5332584e-05, 0.0017454855,384
NeoOpt1106BW_20_des0390, 0.11389715, 0.3, 0.22707058, 5.0778275, 0.88920356, -7.653498, 7.2386996e-05, 0.0017301661,385
NeoOpt1106BW_20_des0391, 0.10303274, 0.3, 0.2230073, 5.0901564, 0.86630293, -7.9579255, 7.4347539e-05, 0.0017307526,386
NeoOpt1106BW_20_des0392, 0.11858387, 0.30455586, 0.22377416, 5.0585502, 0.8765575, -7.6166036, 7.1554328e-05, 0.0017320695,387
NeoOpt1106BW_20_des0393, 0.11974468, 0.3, 0.23197138, 5.0296504, 0.89808842, -7.9861684, 7.7705117e-05, 0.0017320411,388
NeoOpt1106BW_20_des0394, 0.11467071, 0.3, 0.23131779, 5.0949224, 0.87424466, -7.6102823, 7.1599206e-05, 0.0017281962,389
NeoOpt1106BW_20_des0395, 0.11010662, 0.3, 0.23375866, 5.077089, 0.86337497, -7.4749408, 7.132328e-05, 0.0017282682,390
NeoOpt1106BW_20_des0396, 0.11527297, 0.31100652, 0.23103393, 5.0934393, 0.87269661, -7.6078621, 7.0867056e-05, 0.0017326637,391
NeoOpt1106BW_20_des0397, 0.11846616, 0.3, 0.23311058, 5.1271923, 0.86268278, -7.5569357, 7.278777e-05, 0.0017289862,392
NeoOpt1106BW_20_des0398, 0.1176949, 0.30002205, 0.23262985, 5.0883608, 0.88023472, -7.5629797, 7.337398e-05, 0.0017301171,393
NeoOpt1106BW_20_des0399, 0.11347146, 0.3, 0.23298858, 5.0855109, 0.86309677, -7.8151562, 7.3164505e-05, 0.0017276022,394
NeoOpt1106BW_20_des0400, 0.11023655, 0.3, 0.23424886, 5.0956478, 0.86852594, -7.8357521, 7.398404e-05, 0.0017282306,395
NeoOpt1106BW_20_des0401, 0.11258052, 0.30014567, 0.23240264, 5.0777173, 0.86608281, -7.8247403, 7.3405419e-05, 0.0017280451,396
NeoOpt1106BW_20_des0402, 0.11269467, 0.3, 0.23118565, 5.0940463, 0.85427432, -7.8190174, 7.3198258e-05, 0.0017279189,397
NeoOpt1106BW_20_des0403, 0.11463997, 0.30000019, 0.23239048, 5.0899085, 0.86586861, -7.8485529, 7.4198251e-05, 0.0017286298,398
NeoOpt1106BW_20_des0404, 0.11368105, 0.3, 0.23490246, 5.0771874, 0.85629377, -7.7606543, 7.402218e-05, 0.0017280263,399
NeoOpt1106BW_20_des0405, 0.11342127, 0.30562234, 0.23297146, 5.0852841, 0.86311176, -7.8149559, 7.2839197e-05, 0.0017295904,400
NeoOpt1106BW_20_des0406, 0.11786299, 0.3, 0.233287, 5.0907331, 0.86433293, -7.8644974, 7.5603166e-05, 0.001729633,401
NeoOpt1106BW_20_des0407, 0.11370862, 0.3, 0.23257986, 5.0881835, 0.86513895, -7.7606922, 7.3558898e-05, 0.0017284162,402
NeoOpt1106BW_20_des0408, 0.11258654, 0.3, 0.23335669, 5.0879872, 0.86340637, -7.8236112, 7.3955547e-05, 0.0017282723,403
NeoOpt1106BW_20_des0409, 0.11367304, 0.30001806, 0.23284356, 5.0869258, 0.8639153, -7.8226579, 7.2970666e-05, 0.0017272326,404
NeoOpt1106BW_20_des0410, 0.11473247, 0.30003611, 0.23273797, 5.0869191, 0.86402171, -7.8386595, 7.3924341e-05, 0.0017284299,405
NeoOpt1106BW_20_des0411, 0.11367959, 0.3000058, 0.23298329, 5.085375, 0.86509201, -7.8230615, 7.4292278e-05, 0.0017286352,406
NeoOpt1106BW_20_des0412, 0.11312227, 0.30003611, 0.23217809, 5.0864634, 0.86327417, -7.8281955, 7.3568481e-05, 0.0017282036,407
NeoOpt1106BW_20_des0413, 0.11379341, 0.3, 0.23278815, 5.0887951, 0.86392791, -7.8116004, 7.310709e-05, 0.0017274676,408
NeoOpt1106BW_20_des0414, 0.11367057, 0.30072085, 0.23284397, 5.0869423, 0.86391158, -7.8228653, 7.3395146e-05, 0.001728116,409
NeoOpt1106BW_20_des0415, 0.11343536, 0.30003611, 0.23301698, 5.0886277, 0.86349657, -7.8299891, 7.3114519e-05, 0.0017274534,410
NeoOpt1106BW_20_des0416, 0.11391718, 0.3, 0.23283321, 5.0868831, 0.86348756, -7.8249424, 7.3434014e-05, 0.0017277977,411
NeoOpt1106BW_20_des0417, 0.11349254, 0.3, 0.23268715, 5.0869333, 0.86382583, -7.8234848, 7.3494186e-05, 0.0017279596,412
NeoOpt1106BW_20_des0418, 0.11367983, 0.3, 0.23289865, 5.0868486, 0.86423323, -7.8224509, 7.3751165e-05, 0.0017282304,413
NeoOpt1106BW_20_des0419, 0.11370507, 0.30002271, 0.23282257, 5.0869004, 0.86395784, -7.821153, 7.3482894e-05, 0.0017278523,414
NeoOpt1106BW_20_des0420, 0.11363964, 0.30003611, 0.23287165, 5.0875305, 0.86378371, -7.8221669, 7.3222276e-05, 0.0017276529,415
NeoOpt1106BW_20_des0421, 0.11361515, 0.30003611, 0.23288224, 5.0865282, 0.86369281, -7.8217092, 7.2805698e-05, 0.0017272688,416
NeoOpt1106BW_20_des0422, 0.11363092, 0.30003611, 0.23281919, 5.0868826, 0.86388836, -7.8239166, 7.3403287e-05, 0.0017277518,417
NeoOpt1106BW_20_des0423, 0.1136818, 0.30010284, 0.23284584, 5.0869217, 0.86391407, -7.8227545, 7.2845316e-05, 0.001727334,418
NeoOpt1106BW_20_des0424, 0.11373061, 0.3, 0.23285515, 5.0868985, 0.86382945, -7.8235113, 7.3329036e-05, 0.0017277297,419
NeoOpt1106BW_20_des0425, 0.11366092, 0.30001869, 0.23285106, 5.087074, 0.86388448, -7.8224455, 7.3220006e-05, 0.0017277406,420
NeoOpt1106BW_20_des0426, 0.11366739, 0.30002113, 0.23284543, 5.0868793, 0.86388056, -7.8224683, 7.3056493e-05, 0.001727371,421
NeoOpt1106BW_20_des0427, 0.11366726, 0.3000083, 0.23285777, 5.0868534, 0.86398371, -7.8227773, 7.337534e-05, 0.0017276687,422
